,dis,duel
motif_1,19.69416785,0.132972192
motif_2,17.03971119,0.149122276
motif_3,19.56994819,0.133880505
motif_4,19.13991163,0.136657433
motif_5,18.87428571,0.138964578
motif_6,17.27586207,0.149700599
motif_7,19.18914186,0.136077393
motif_8,20.69491525,0.12994813
motif_9,19.17098446,0.143783784
motif_10,18.61654135,0.141760905
motif_11,15.83333333,0.180263158
motif_12,15.775,0.177496038
motif_13,14.77777778,0.127819549
motif_14,13.39393939,0.174008518
motif_15,17.15903308,0.150737747
