,dis,duel
motif_1,19.69416785,2.618776671
motif_2,17.03971119,2.541000516
motif_3,19.56994819,2.620034542
motif_4,19.13991163,2.615611193
motif_5,18.87428571,2.622857143
motif_6,17.27586207,2.586206897
motif_7,19.18914186,2.611208406
motif_8,20.69491525,2.689265537
motif_9,19.17098446,2.756476684
motif_10,18.61654135,2.639097744
motif_11,15.83333333,2.854166667
motif_12,15.775,2.8
motif_13,14.77777778,1.888888889
motif_14,13.39393939,2.330659537
motif_15,17.15903308,2.586513995
