,pos_x,pos_y
Huskies_D1,35.172413793103445,33.724137931034484
Huskies_F2,60.22727272727273,48.81818181818182
Huskies_M3,54.666666666666664,39.0
Huskies_G1,11.166666666666666,56.0
Huskies_D3,43.26923076923077,76.0
Huskies_D4,52.391304347826086,16.695652173913043
Huskies_M4,66.0,28.22222222222222
Huskies_M12,70.4,12.8
Huskies_F5,72.15789473684211,36.473684210526315
Huskies_F6,64.66666666666667,63.166666666666664
Huskies_D8,51.93333333333333,87.86666666666666
