,pos_x,pos_y
Huskies_D1,29.045454545454547,29.477272727272727
Huskies_M1,52.42,36.48
Huskies_F2,54.142857142857146,54.285714285714285
Huskies_M3,39.61538461538461,41.8
Huskies_G1,11.851851851851851,42.81481481481482
Huskies_D3,33.07017543859649,69.14035087719299
Huskies_D4,47.22222222222222,9.296296296296296
Huskies_M12,66.90625,17.71875
Huskies_F5,72.42307692307692,48.0
Huskies_F6,62.23076923076923,76.46153846153847
Huskies_D8,50.05714285714286,83.57142857142857
