,pos_x,pos_y
Huskies_D1,32.0,31.142857142857142
Huskies_M1,58.72093023255814,59.41860465116279
Huskies_M3,51.91891891891892,39.729729729729726
Huskies_G1,9.909090909090908,49.18181818181818
Huskies_D3,34.729729729729726,74.16216216216216
Huskies_D4,53.75675675675676,7.1891891891891895
Huskies_M4,58.72222222222222,42.0
Huskies_M9,52.9,11.6
Huskies_M12,67.875,92.25
Huskies_F5,68.42857142857143,52.92857142857143
Huskies_D8,57.93939393939394,93.87878787878788
