,pos_x,pos_y
Huskies_D1,35.21052631578947,25.894736842105264
Huskies_F1,66.04,46.2
Huskies_M1,47.172413793103445,44.10344827586207
Huskies_M3,47.333333333333336,49.625
Huskies_G1,10.733333333333333,50.53333333333333
Huskies_D2,31.285714285714285,50.714285714285715
Huskies_D3,33.80952380952381,71.14285714285714
Huskies_D4,49.125,8.125
Huskies_M5,68.6,72.5
Huskies_M6,53.69565217391305,27.82608695652174
Huskies_M8,59.791666666666664,83.91666666666667
Huskies_D7,48.26086956521739,52.26086956521739
