,pos_x,pos_y
Huskies_F1,73.47368421052632,66.21052631578948
Huskies_M1,55.657534246575345,52.821917808219176
Huskies_F2,62.31578947368421,68.71052631578948
Huskies_M2,57.84,58.84
Huskies_M3,47.76190476190476,49.77777777777778
Huskies_G1,14.461538461538462,50.76923076923077
Huskies_D2,38.78378378378378,32.7027027027027
Huskies_D4,57.44,11.8
Huskies_D5,69.25806451612904,95.09677419354838
Huskies_D6,38.6764705882353,76.38235294117646
Huskies_M6,61.03846153846154,36.73076923076923
