,pos_x,pos_y
Huskies_D1,50.5,36.666666666666664
Huskies_F1,59.54545454545455,69.18181818181819
Huskies_M1,49.0,60.92857142857143
Huskies_G1,13.4,43.6
Huskies_D3,24.4,70.2
Huskies_D4,50.0,7.928571428571429
Huskies_F3,69.71428571428571,35.0
Huskies_M4,49.07692307692308,41.46153846153846
Huskies_M6,63.42857142857143,31.428571428571427
Huskies_M8,67.4,85.8
Huskies_F4,71.375,39.0
Huskies_D7,35.7,82.2
