,pos_x,pos_y
Huskies_D1,31.516129032258064,73.38709677419355
Huskies_M1,44.2,49.75
Huskies_F2,53.60377358490566,48.75471698113208
Huskies_M3,41.0625,38.416666666666664
Huskies_G1,15.466666666666667,54.93333333333333
Huskies_D2,30.041666666666668,47.708333333333336
Huskies_D3,33.642857142857146,26.023809523809526
Huskies_D4,46.09375,7.65625
Huskies_D5,54.46153846153846,86.8076923076923
Huskies_M4,45.34782608695652,66.65217391304348
Huskies_M6,52.44736842105263,30.36842105263158
