,pos_x,pos_y
Huskies_D1,30.63888888888889,69.02777777777777
Huskies_M1,48.29032258064516,46.45161290322581
Huskies_F2,59.24,57.72
Huskies_M2,57.65217391304348,38.0
Huskies_M3,48.592592592592595,49.74074074074074
Huskies_G1,10.366666666666667,44.56666666666667
Huskies_D2,32.67567567567568,27.972972972972972
Huskies_D4,50.025,6.325
Huskies_F3,65.96296296296296,44.851851851851855
Huskies_D5,54.104166666666664,89.66666666666667
Huskies_M6,60.75,13.964285714285714
