,pos_x,pos_y
Huskies_F1,64.6923076923077,61.15384615384615
Huskies_M1,48.88059701492537,58.940298507462686
Huskies_F2,56.422222222222224,41.75555555555555
Huskies_M3,43.50877192982456,37.0
Huskies_G1,9.923076923076923,54.61538461538461
Huskies_D2,32.1219512195122,33.73170731707317
Huskies_D5,48.58064516129032,11.580645161290322
Huskies_D6,31.956521739130434,67.30434782608695
Huskies_M6,61.70967741935484,25.387096774193548
Huskies_M8,64.25,82.0625
Huskies_D7,50.225806451612904,91.45161290322581
