,pos_x,pos_y
Huskies_D1,34.375,38.5
Huskies_F1,72.16666666666667,13.833333333333334
Huskies_M1,52.138888888888886,59.25
Huskies_F2,54.578947368421055,40.31578947368421
Huskies_M3,48.333333333333336,71.0
Huskies_G1,9.5,47.857142857142854
Huskies_D3,27.733333333333334,71.06666666666666
Huskies_D5,62.25,7.25
Huskies_M4,65.28,71.88
Huskies_M6,69.6,20.4
Huskies_F4,57.333333333333336,69.77777777777777
Huskies_F6,63.09090909090909,84.86363636363636
Huskies_D8,59.5,90.53571428571429
