,pos_x,pos_y
Huskies_D1,39.40909090909091,79.95454545454545
Huskies_M1,64.09375,48.46875
Huskies_M2,63.90909090909091,62.90909090909091
Huskies_M3,52.714285714285715,52.8
Huskies_G1,13.826086956521738,44.30434782608695
Huskies_D3,33.0,46.291666666666664
Huskies_D4,54.64,6.44
Huskies_M4,61.6,65.5
Huskies_M9,59.0,34.4
Huskies_F4,75.25,65.91666666666667
Huskies_F5,72.81818181818181,34.45454545454545
Huskies_D8,67.12903225806451,90.29032258064517
Huskies_D10,39.05128205128205,25.82051282051282
