,pos_x,pos_y
Huskies_M1,48.32432432432432,42.32432432432432
Huskies_F2,54.333333333333336,42.458333333333336
Huskies_G1,10.0,49.07142857142857
Huskies_D3,32.35,42.05
Huskies_D5,44.241379310344826,20.620689655172413
Huskies_D6,29.894736842105264,72.6842105263158
Huskies_M6,57.05882352941177,27.235294117647058
Huskies_D7,48.333333333333336,92.0
Huskies_M12,50.92307692307692,72.0
Huskies_M13,52.0,66.71428571428571
Huskies_F5,64.19047619047619,37.38095238095238
