,pos_x,pos_y
Huskies_F1,74.45454545454545,48.63636363636363
Huskies_M1,46.75,39.675
Huskies_F2,57.48,35.12
Huskies_M3,44.94117647058823,63.1764705882353
Huskies_G1,9.071428571428571,45.5
Huskies_D3,28.88888888888889,28.0
Huskies_D5,38.766666666666666,17.4
Huskies_D6,28.4,65.0
Huskies_M6,46.1,15.7
Huskies_M8,57.5,72.44444444444444
Huskies_D7,55.041666666666664,87.375
Huskies_M12,63.5,27.5
Huskies_M13,47.6,50.0
Huskies_F5,68.875,36.125
