,pos_x,pos_y
Huskies_F1,69.25,45.875
Huskies_M1,49.59183673469388,47.734693877551024
Huskies_F2,62.29090909090909,44.8
Huskies_G1,10.909090909090908,55.72727272727273
Huskies_D2,37.970588235294116,36.44117647058823
Huskies_D3,39.18604651162791,73.11627906976744
Huskies_D4,49.72727272727273,15.863636363636363
Huskies_M4,51.61538461538461,54.51282051282051
Huskies_M5,60.54761904761905,36.76190476190476
Huskies_M8,67.96551724137932,81.44827586206897
Huskies_D7,52.69444444444444,91.61111111111111
