,pos_x,pos_y
Huskies_D1,42.46666666666667,64.8
Huskies_F1,62.523809523809526,27.904761904761905
Huskies_M3,50.55172413793103,29.137931034482758
Huskies_G1,11.357142857142858,43.07142857142857
Huskies_D2,29.1,49.8
Huskies_D3,43.903225806451616,23.70967741935484
Huskies_F3,56.68181818181818,71.5
Huskies_D5,50.1,5.8
Huskies_M6,54.6,46.85
Huskies_D7,51.8,81.12
Huskies_M11,48.78947368421053,57.1578947368421
