,pos_x,pos_y
Huskies_D1,38.857142857142854,32.57142857142857
Huskies_M1,52.25714285714286,37.2
Huskies_F2,55.84,35.76
Huskies_G1,9.375,52.9375
Huskies_D3,38.142857142857146,74.14285714285714
Huskies_D4,57.89473684210526,20.842105263157894
Huskies_M4,57.38461538461539,48.07692307692308
Huskies_M6,48.9375,72.75
Huskies_F4,77.7,56.6
Huskies_D7,52.27272727272727,93.68181818181819
Huskies_M11,50.53846153846154,62.34615384615385
