,pos_x,pos_y
Huskies_F1,69.8125,61.6875
Huskies_M1,56.41304347826087,35.65217391304348
Huskies_F2,65.675,34.6
Huskies_G1,15.5,44.2
Huskies_D2,37.6,36.8
Huskies_D3,49.56521739130435,63.26086956521739
Huskies_D4,64.48717948717949,11.384615384615385
Huskies_M4,69.78260869565217,65.26086956521739
Huskies_M6,71.25,40.75
Huskies_F4,79.91304347826087,37.391304347826086
Huskies_D7,67.16666666666667,86.5
Huskies_M11,56.666666666666664,50.888888888888886
