,pos_x,pos_y
Huskies_D1,35.09756097560975,28.0
Huskies_F2,53.2,47.09090909090909
Huskies_G1,13.0,42.54545454545455
Huskies_D3,37.77777777777778,66.73333333333333
Huskies_D4,55.63414634146341,13.463414634146341
Huskies_M4,55.21052631578947,72.26315789473684
Huskies_M6,54.46666666666667,40.4
Huskies_M12,71.6,10.25
Huskies_F5,69.14814814814815,33.74074074074074
Huskies_F6,72.66666666666667,80.6
Huskies_D8,57.59090909090909,85.54545454545455
