,pos_x,pos_y
Huskies_D1,34.36986301369863,35.83561643835616
Huskies_M1,54.224489795918366,51.55102040816327
Huskies_F2,56.450980392156865,55.05882352941177
Huskies_M3,44.28787878787879,45.72727272727273
Huskies_G1,9.95,50.4
Huskies_D3,40.516129032258064,71.7741935483871
Huskies_D4,47.42372881355932,15.796610169491526
Huskies_M12,68.0,18.633333333333333
Huskies_F5,72.94117647058823,60.35294117647059
Huskies_F6,63.38709677419355,78.06451612903226
Huskies_D8,58.42857142857143,89.89285714285714
