,pos_x,pos_y
Huskies_F1,77.375,68.5625
Huskies_M1,51.575,52.25
Huskies_F2,53.25,46.25
Huskies_M2,42.0,51.75
Huskies_M3,48.15625,53.125
Huskies_G1,9.5,40.6
Huskies_D2,38.44444444444444,23.166666666666668
Huskies_D4,60.869565217391305,4.956521739130435
Huskies_D5,51.0,91.0
Huskies_M4,66.92857142857143,65.35714285714286
Huskies_D6,32.166666666666664,68.16666666666667
Huskies_M6,56.285714285714285,30.571428571428573
Huskies_F4,76.5,44.583333333333336
Huskies_D7,68.625,87.125
