,pos_x,pos_y
Huskies_D1,30.7,75.5
Huskies_F2,55.163636363636364,41.85454545454545
Huskies_M3,54.714285714285715,49.542857142857144
Huskies_G1,9.636363636363637,48.63636363636363
Huskies_D2,36.6,38.06666666666667
Huskies_D5,51.95348837209303,14.837209302325581
Huskies_M4,59.54545454545455,50.63636363636363
Huskies_D6,65.03333333333333,92.16666666666667
Huskies_M9,74.73913043478261,74.6086956521739
Huskies_F4,73.85,56.25
Huskies_M12,67.38461538461539,23.692307692307693
