,pos_x,pos_y
Huskies_D1,34.04,75.24
Huskies_M1,57.73076923076923,65.07692307692308
Huskies_M3,52.75757575757576,72.3030303030303
Huskies_G1,14.333333333333334,49.55555555555556
Huskies_D2,38.857142857142854,56.42857142857143
Huskies_D5,46.90909090909091,26.09090909090909
Huskies_F4,64.66666666666667,53.25
Huskies_D7,59.054054054054056,94.0
Huskies_M12,63.8,56.1
Huskies_F6,60.0,73.93333333333334
Huskies_D9,39.15,27.2
