,pos_x,pos_y
Huskies_D1,32.5,39.7
Huskies_M1,49.526315789473685,73.6842105263158
Huskies_M3,50.42857142857143,53.92857142857143
Huskies_G1,9.25,47.75
Huskies_D3,32.8235294117647,70.47058823529412
Huskies_D4,39.61538461538461,15.615384615384615
Huskies_M6,47.666666666666664,36.13333333333333
Huskies_M8,47.4,91.7
Huskies_F4,58.57142857142857,46.714285714285715
Huskies_D7,39.1,89.4
Huskies_M10,51.0,9.6
