,pos_x,pos_y
Huskies_D1,36.4,72.65
Huskies_F1,70.0,59.81818181818182
Huskies_M1,59.333333333333336,74.4
Huskies_F2,62.791666666666664,63.208333333333336
Huskies_G1,13.80952380952381,43.904761904761905
Huskies_D2,33.904761904761905,47.23809523809524
Huskies_D3,42.857142857142854,28.952380952380953
Huskies_D4,57.7,13.1
Huskies_F3,72.6,75.8
Huskies_D6,61.388888888888886,89.0
Huskies_M6,55.38095238095238,40.714285714285715
Huskies_M7,49.256410256410255,57.92307692307692
Huskies_M8,80.25,70.25
