,pos_x,pos_y
Huskies_F1,72.72727272727273,26.181818181818183
Huskies_M1,51.32692307692308,52.25
Huskies_F2,62.42424242424242,47.78787878787879
Huskies_M3,44.94,51.2
Huskies_G1,13.5,49.833333333333336
Huskies_D2,32.729729729729726,33.62162162162162
Huskies_D5,47.26315789473684,18.157894736842106
Huskies_D6,34.270833333333336,71.10416666666667
Huskies_M6,52.458333333333336,21.166666666666668
Huskies_M8,65.73684210526316,81.78947368421052
Huskies_D7,48.2,91.13333333333334
