,pos_x,pos_y
Huskies_D1,26.833333333333332,29.083333333333332
Huskies_M1,37.25714285714286,50.97142857142857
Huskies_F2,39.73913043478261,36.869565217391305
Huskies_G1,9.833333333333334,44.083333333333336
Huskies_D2,32.285714285714285,61.04761904761905
Huskies_D5,37.35,19.8
Huskies_M4,56.68181818181818,61.18181818181818
Huskies_M6,59.80952380952381,28.571428571428573
Huskies_F4,64.72727272727273,41.45454545454545
Huskies_D7,43.80769230769231,82.8076923076923
Huskies_F6,68.16666666666667,72.0
