,pos_x,pos_y
Huskies_M3,44.38709677419355,42.12903225806452
Huskies_G1,14.1,44.3
Huskies_D2,40.78378378378378,43.67567567567568
Huskies_D5,50.7906976744186,10.651162790697674
Huskies_D6,35.38461538461539,61.84615384615385
Huskies_M6,63.8,25.666666666666668
Huskies_M9,70.86486486486487,12.513513513513514
Huskies_D7,52.07692307692308,83.76923076923077
Huskies_M13,60.29032258064516,50.935483870967744
Huskies_F5,62.214285714285715,49.857142857142854
Huskies_F6,70.81818181818181,81.5
