,pos_x,pos_y
Huskies_F1,70.75,53.625
Huskies_M1,41.666666666666664,54.0
Huskies_F2,46.63636363636363,80.54545454545455
Huskies_G1,13.6,54.8
Huskies_D2,29.714285714285715,48.42857142857143
Huskies_D5,28.875,31.0
Huskies_M4,48.77777777777778,57.111111111111114
Huskies_D6,33.75,71.25
Huskies_M6,53.0,29.25
Huskies_F4,64.8,21.5
Huskies_D7,20.8,83.2
