,pos_x,pos_y
Huskies_F1,65.21428571428571,51.92857142857143
Huskies_M1,46.578947368421055,50.26315789473684
Huskies_F2,46.04545454545455,66.72727272727273
Huskies_M3,46.0,51.166666666666664
Huskies_G1,11.666666666666666,52.0
Huskies_D2,30.0,43.333333333333336
Huskies_D5,33.75,26.75
Huskies_M4,48.77777777777778,57.111111111111114
Huskies_D6,36.5,65.9
Huskies_M6,51.785714285714285,27.5
Huskies_M8,57.81818181818182,83.0
Huskies_F4,64.8,21.5
Huskies_D7,38.583333333333336,84.16666666666667
