,pos_x,pos_y
Huskies_D1,28.40625,30.28125
Huskies_M1,48.24,39.64
Huskies_F2,48.1025641025641,53.94871794871795
Huskies_G1,7.8125,48.75
Huskies_D3,31.653846153846153,67.96153846153847
Huskies_D5,38.3,16.2
Huskies_M4,58.94117647058823,35.0
Huskies_M6,58.04761904761905,33.42857142857143
Huskies_F4,65.8695652173913,52.65217391304348
Huskies_F6,59.388888888888886,86.83333333333333
Huskies_D8,46.67741935483871,92.45161290322581
