,pos_x,pos_y
Huskies_D1,37.23809523809524,82.52380952380952
Huskies_F1,75.25,66.8
Huskies_M1,50.30769230769231,74.07692307692308
Huskies_F2,57.68,60.84
Huskies_M3,42.11764705882353,47.76470588235294
Huskies_G1,12.2,51.4
Huskies_D2,33.38461538461539,55.30769230769231
Huskies_D3,32.473684210526315,34.73684210526316
Huskies_D4,36.54545454545455,14.545454545454545
Huskies_M4,59.15384615384615,71.15384615384616
Huskies_D6,64.89285714285714,93.5
