,pos_x,pos_y
Huskies_F1,57.833333333333336,49.666666666666664
Huskies_M1,51.0,46.9
Huskies_F2,45.45454545454545,52.90909090909091
Huskies_M3,46.0,51.166666666666664
Huskies_G1,9.25,48.5
Huskies_D2,30.4,36.2
Huskies_D5,43.5,18.25
Huskies_D6,38.333333333333336,62.333333333333336
Huskies_M6,44.5,17.0
Huskies_M8,57.81818181818182,83.0
Huskies_D7,51.285714285714285,84.85714285714286
