,pos_x,pos_y
Huskies_D1,31.61111111111111,32.611111111111114
Huskies_F1,61.285714285714285,51.57142857142857
Huskies_F2,38.111111111111114,33.44444444444444
Huskies_M3,73.0,47.0
Huskies_G1,11.5,50.0
Huskies_D3,41.1,57.6
Huskies_D4,47.75,10.166666666666666
Huskies_M12,61.6,9.8
Huskies_F5,65.0,37.75
Huskies_F6,74.75,82.25
Huskies_D8,77.125,91.625
