,pos_x,pos_y
Huskies_D1,33.516129032258064,71.48387096774194
Huskies_F1,69.88888888888889,64.55555555555556
Huskies_M1,51.875,68.46875
Huskies_F2,61.74285714285714,57.17142857142857
Huskies_M3,43.27777777777778,53.638888888888886
Huskies_G1,10.4,51.0
Huskies_D2,35.51111111111111,32.77777777777778
Huskies_D4,52.166666666666664,12.857142857142858
Huskies_D5,50.25,90.29545454545455
Huskies_M4,50.729729729729726,30.756756756756758
Huskies_M6,61.28,53.24
Huskies_M9,50.2,60.4
