,pos_x,pos_y
Huskies_D1,35.56666666666667,62.56666666666667
Huskies_F1,54.666666666666664,13.555555555555555
Huskies_M1,52.43103448275862,50.96551724137931
Huskies_F2,67.6,32.95
Huskies_M3,48.55,34.85
Huskies_G1,15.333333333333334,46.5
Huskies_D3,32.608695652173914,41.56521739130435
Huskies_D4,51.319148936170215,6.808510638297872
Huskies_D6,56.607142857142854,90.39285714285714
Huskies_M6,64.77777777777777,52.111111111111114
Huskies_M9,74.73684210526316,75.26315789473684
