,pos_x,pos_y
Huskies_D1,32.88,65.92
Huskies_F1,74.4,54.1
Huskies_M1,56.36363636363637,55.0
Huskies_F2,57.15384615384615,50.38461538461539
Huskies_G1,16.571428571428573,47.57142857142857
Huskies_D3,32.75,30.9
Huskies_D4,48.625,8.625
Huskies_M4,46.95238095238095,57.714285714285715
Huskies_M6,59.785714285714285,50.57142857142857
Huskies_M9,54.833333333333336,61.5
Huskies_F4,78.0,90.0
Huskies_D7,46.88235294117647,84.58823529411765
Huskies_M10,62.333333333333336,59.888888888888886
