,pos_x,pos_y
Huskies_D1,34.76923076923077,71.76923076923077
Huskies_F1,65.92592592592592,45.96296296296296
Huskies_M1,47.8,71.84
Huskies_M3,44.705882352941174,53.588235294117645
Huskies_G1,10.411764705882353,51.05882352941177
Huskies_D3,39.04,34.96
Huskies_D5,47.111111111111114,12.703703703703704
Huskies_M4,59.666666666666664,44.904761904761905
Huskies_M6,66.46428571428571,25.178571428571427
Huskies_M8,63.666666666666664,83.06666666666666
Huskies_D7,54.56,89.92
