,pos_x,pos_y
Huskies_F1,68.0,60.53333333333333
Huskies_M1,41.0,65.45
Huskies_F2,41.926829268292686,48.707317073170735
Huskies_G1,8.533333333333333,47.2
Huskies_D2,32.526315789473685,38.526315789473685
Huskies_D5,41.22727272727273,15.136363636363637
Huskies_M4,56.22222222222222,68.11111111111111
Huskies_D6,38.0,76.18181818181819
Huskies_M6,58.8235294117647,36.64705882352941
Huskies_M8,62.7,90.8
Huskies_D7,51.2,91.66666666666667
