,pos_x,pos_y
Huskies_D1,39.14705882352941,80.3529411764706
Huskies_M1,49.56666666666667,42.53333333333333
Huskies_M3,39.857142857142854,50.714285714285715
Huskies_G1,8.166666666666666,47.5
Huskies_D3,31.09090909090909,38.72727272727273
Huskies_D4,54.07692307692308,10.538461538461538
Huskies_M4,54.206896551724135,60.724137931034484
Huskies_F4,59.34615384615385,43.07692307692308
Huskies_F5,71.8125,45.5
Huskies_D8,62.45454545454545,88.9090909090909
Huskies_D10,33.5,13.083333333333334
