,pos_x,pos_y
Huskies_D1,44.333333333333336,26.88888888888889
Huskies_F1,73.7,26.7
Huskies_M1,41.6875,46.5
Huskies_F2,64.0909090909091,15.727272727272727
Huskies_G1,6.5,45.833333333333336
Huskies_D3,32.666666666666664,56.53333333333333
Huskies_D4,66.66666666666667,3.0
Huskies_M4,50.2,64.73333333333333
Huskies_M6,61.1,44.8
Huskies_M8,61.0,79.0
Huskies_F4,80.23076923076923,50.92307692307692
Huskies_D7,28.625,80.0
Huskies_M10,68.58333333333333,67.08333333333333
Huskies_M11,18.5,36.5
