,pos_x,pos_y
Huskies_D1,40.75,75.5
Huskies_F1,70.0,68.0909090909091
Huskies_M1,47.083333333333336,62.333333333333336
Huskies_F2,66.91666666666667,68.91666666666667
Huskies_G1,15.125,48.5
Huskies_D2,38.5,61.1
Huskies_D3,43.05882352941177,31.0
Huskies_D4,59.07692307692308,12.23076923076923
Huskies_M6,48.333333333333336,37.2
Huskies_M9,55.18181818181818,62.45454545454545
Huskies_D7,54.1875,86.1875
