,pos_x,pos_y
Huskies_D1,37.357142857142854,84.98571428571428
Huskies_F1,60.4,97.3
Huskies_M1,49.10909090909091,81.92727272727272
Huskies_F2,57.857142857142854,62.371428571428574
Huskies_M2,51.193548387096776,29.70967741935484
Huskies_M3,44.75555555555555,47.4
Huskies_G1,9.666666666666666,46.611111111111114
Huskies_D2,34.378787878787875,57.166666666666664
Huskies_D3,40.0,19.944444444444443
Huskies_D4,58.09090909090909,7.636363636363637
Huskies_F3,64.4,44.0
