,motif_3,motif_4,motif_5,motif_6,motif_7,motif_8,motif_9,motif_10,motif_11,motif_12,motif_13,motif_15,coach,side,scores,final_scores,outcome
Huskies,0.1891891891891892,0.21621621621621623,0.02702702702702703,0.0,0.16216216216216217,0.02702702702702703,0.08108108108108109,0.02702702702702703,0.0,0.0,0.0,0.2702702702702703,Coach3,home,49.100072064690416,3633.4053327870906,tie
Opponent,0.171875,0.171875,0.057291666666666664,0.015625,0.15104166666666666,0.041666666666666664,0.109375,0.046875,0.015625,0.010416666666666666,0.005208333333333333,0.203125,,,49.24823196221233,9455.660536744766,
