,motif_3,motif_4,motif_5,motif_6,motif_7,motif_8,motif_9,motif_10,motif_11,motif_12,motif_13,motif_15,coach,side,scores,final_scores,outcome
Huskies,0.13333333333333333,0.26666666666666666,0.0,0.0,0.2,0.0,0.13333333333333333,0.0,0.0,0.0,0.0,0.26666666666666666,Coach3,away,49.08905030549995,736.3357545824992,tie
Opponent,0.1553030303030303,0.20454545454545456,0.041666666666666664,0.007575757575757576,0.17045454545454544,0.06439393939393939,0.13257575757575757,0.03409090909090909,0.007575757575757576,0.007575757575757576,0.0,0.17424242424242425,,,49.81998067118255,13152.474897192193,
