,motif_3,motif_4,motif_5,motif_6,motif_7,motif_8,motif_9,motif_10,motif_11,motif_12,motif_13,motif_15,coach,side,scores,final_scores,outcome
Huskies,0.17777777777777778,0.15555555555555556,0.06666666666666667,0.0,0.15555555555555556,0.0,0.13333333333333333,0.06666666666666667,0.0,0.0,0.0,0.24444444444444444,Coach2,home,49.16784032551697,2212.552814648264,win
Opponent,0.1834862385321101,0.1743119266055046,0.03669724770642202,0.0,0.1743119266055046,0.05504587155963303,0.05504587155963303,0.03669724770642202,0.0,0.0,0.0,0.28440366972477066,,,49.083255327468635,5350.074830694081,
