,motif_3,motif_4,motif_5,motif_6,motif_7,motif_8,motif_9,motif_10,motif_11,motif_12,motif_13,motif_15,coach,side,scores,final_scores,outcome
Huskies,0.14084507042253522,0.1619718309859155,0.056338028169014086,0.02112676056338028,0.14084507042253522,0.06338028169014084,0.11971830985915492,0.04929577464788732,0.014084507042253521,0.014084507042253521,0.0,0.21830985915492956,Coach1,home,49.34402849051647,7006.852045653339,win
Opponent,0.125,0.22916666666666666,0.0625,0.0,0.14583333333333334,0.0,0.1875,0.041666666666666664,0.0,0.0,0.0,0.20833333333333334,,,49.48490345988186,2375.275366074329,
