,motif_3,motif_4,motif_5,motif_6,motif_7,motif_8,motif_9,motif_10,motif_11,motif_12,motif_13,motif_15,coach,side,scores,final_scores,outcome
Huskies,0.1623931623931624,0.20512820512820512,0.06837606837606838,0.017094017094017096,0.1623931623931624,0.05982905982905983,0.08547008547008547,0.042735042735042736,0.008547008547008548,0.008547008547008548,0.0,0.1794871794871795,Coach1,away,49.5572009845731,5798.192515195053,loss
Opponent,0.1497584541062802,0.18357487922705315,0.04830917874396135,0.01932367149758454,0.15942028985507245,0.0821256038647343,0.09178743961352658,0.043478260869565216,0.024154589371980676,0.01932367149758454,0.00966183574879227,0.16908212560386474,,,49.38808140287125,10223.332850394348,
