,motif_3,motif_4,motif_5,motif_6,motif_7,motif_8,motif_9,motif_10,motif_11,motif_12,motif_13,motif_15,coach,side,scores,final_scores,outcome
Huskies,0.14666666666666667,0.2,0.05333333333333334,0.02666666666666667,0.16,0.013333333333333334,0.13333333333333333,0.02666666666666667,0.0,0.0,0.0,0.24,Coach3,away,49.13129557721105,3684.8471682908284,loss
Opponent,0.13736263736263737,0.19230769230769232,0.054945054945054944,0.02197802197802198,0.15384615384615385,0.04945054945054945,0.10989010989010989,0.04945054945054945,0.02197802197802198,0.02197802197802198,0.0,0.18681318681318682,,,49.32515629525225,8977.17844573591,
