,motif_3,motif_4,motif_5,motif_6,motif_7,motif_8,motif_9,motif_10,motif_11,motif_12,motif_13,motif_15,coach,side,scores,final_scores,outcome
Huskies,0.15602836879432624,0.1773049645390071,0.05673758865248227,0.02127659574468085,0.16312056737588654,0.0425531914893617,0.09929078014184398,0.0425531914893617,0.028368794326241134,0.02127659574468085,0.0,0.19148936170212766,Coach3,away,49.23576510040781,6942.242879157501,tie
Opponent,0.16666666666666666,0.23529411764705882,0.0196078431372549,0.0,0.1568627450980392,0.029411764705882353,0.12745098039215685,0.0196078431372549,0.0,0.0,0.0,0.24509803921568626,,,49.368923572846064,5035.630204430298,
