,motif_3,motif_4,motif_5,motif_6,motif_7,motif_8,motif_9,motif_10,motif_11,motif_12,motif_13,motif_15,coach,side,scores,final_scores,outcome
Huskies,0.16153846153846155,0.18461538461538463,0.05384615384615385,0.007692307692307693,0.16923076923076924,0.06153846153846154,0.1,0.038461538461538464,0.007692307692307693,0.007692307692307693,0.0,0.2076923076923077,Coach3,away,49.51813188515007,6437.357145069509,loss
Opponent,0.0958904109589041,0.1917808219178082,0.0547945205479452,0.0136986301369863,0.1643835616438356,0.0136986301369863,0.0821917808219178,0.0410958904109589,0.0136986301369863,0.0136986301369863,0.0,0.3150684931506849,,,48.41143343096866,3534.034640460712,
