,motif_3,motif_4,motif_5,motif_6,motif_7,motif_8,motif_9,motif_10,motif_11,motif_12,motif_13,motif_15,coach,side,scores,final_scores,outcome
Huskies,0.15517241379310345,0.1896551724137931,0.04310344827586207,0.017241379310344827,0.14655172413793102,0.04310344827586207,0.15517241379310345,0.034482758620689655,0.008620689655172414,0.008620689655172414,0.0,0.19827586206896552,Coach3,home,49.56160425020545,5749.146093023832,win
Opponent,0.17045454545454544,0.20454545454545456,0.022727272727272728,0.0,0.1590909090909091,0.07954545454545454,0.06818181818181818,0.011363636363636364,0.0,0.0,0.0,0.2840909090909091,,,49.273502725824535,4336.068239872559,
