,motif_3,motif_4,motif_5,motif_6,motif_7,motif_8,motif_9,motif_10,motif_11,motif_12,motif_13,motif_15,coach,side,scores,final_scores,outcome
Huskies,0.12162162162162163,0.16216216216216217,0.05405405405405406,0.02702702702702703,0.14864864864864866,0.04054054054054054,0.16216216216216217,0.05405405405405406,0.013513513513513514,0.013513513513513514,0.0,0.20270270270270271,Coach3,home,49.37132709824844,3653.478205270385,win
Opponent,0.15702479338842976,0.18181818181818182,0.03305785123966942,0.024793388429752067,0.15702479338842976,0.049586776859504134,0.11570247933884298,0.03305785123966942,0.024793388429752067,0.024793388429752067,0.0,0.19834710743801653,,,49.28255196872398,5963.188788215602,
