,motif_3,motif_4,motif_5,motif_6,motif_7,motif_8,motif_9,motif_10,motif_11,motif_12,motif_13,motif_15,coach,side,scores,final_scores,outcome
Huskies,0.13186813186813187,0.23076923076923078,0.04395604395604396,0.0,0.15384615384615385,0.03296703296703297,0.14285714285714285,0.04395604395604396,0.0,0.0,0.0,0.21978021978021978,Coach3,home,49.496918282109455,4504.219563671961,tie
Opponent,0.18072289156626506,0.14457831325301204,0.060240963855421686,0.012048192771084338,0.14457831325301204,0.03614457831325301,0.10843373493975904,0.060240963855421686,0.012048192771084338,0.012048192771084338,0.0,0.2289156626506024,,,49.2069924194245,4084.180370812234,
