,motif_3,motif_4,motif_5,motif_6,motif_7,motif_8,motif_9,motif_10,motif_11,motif_12,motif_13,motif_15,coach,side,scores,final_scores,outcome
Huskies,0.1724137931034483,0.18620689655172415,0.06206896551724138,0.013793103448275862,0.15862068965517243,0.041379310344827586,0.09655172413793103,0.04827586206896552,0.013793103448275862,0.013793103448275862,0.0,0.19310344827586207,Coach1,home,49.379147880047,7159.976442606815,loss
Opponent,0.14074074074074075,0.2,0.05185185185185185,0.014814814814814815,0.14814814814814814,0.037037037037037035,0.13333333333333333,0.05185185185185185,0.014814814814814815,0.014814814814814815,0.0,0.1925925925925926,,,49.407128527830515,6669.96235125712,
