,motif_3,motif_4,motif_5,motif_6,motif_7,motif_8,motif_9,motif_10,motif_11,motif_12,motif_13,motif_15,coach,side,scores,final_scores,outcome
Huskies,0.16216216216216217,0.16216216216216217,0.05405405405405406,0.04504504504504504,0.14414414414414414,0.04504504504504504,0.0990990990990991,0.02702702702702703,0.02702702702702703,0.018018018018018018,0.018018018018018018,0.1981981981981982,Coach3,away,48.73230580077917,5409.285943886488,loss
Opponent,0.14285714285714285,0.16770186335403728,0.06832298136645963,0.012422360248447204,0.16149068322981366,0.037267080745341616,0.09316770186335403,0.06832298136645963,0.012422360248447204,0.012422360248447204,0.006211180124223602,0.21739130434782608,,,49.03549200852204,7894.714213372049,
