,motif_3,motif_4,motif_5,motif_6,motif_7,motif_8,motif_9,motif_10,motif_11,motif_12,motif_13,motif_15,coach,side,scores,final_scores,outcome
Huskies,0.16778523489932887,0.174496644295302,0.04697986577181208,0.013422818791946308,0.15436241610738255,0.06040268456375839,0.09395973154362416,0.04697986577181208,0.020134228187919462,0.013422818791946308,0.006711409395973154,0.20134228187919462,Coach2,away,49.25997210268122,7339.7358432995015,loss
Opponent,0.1276595744680851,0.14893617021276595,0.0425531914893617,0.02127659574468085,0.14893617021276595,0.02127659574468085,0.10638297872340426,0.02127659574468085,0.0425531914893617,0.02127659574468085,0.0,0.2978723404255319,,,48.45586214597643,2277.4255208608924,
