,motif_3,motif_4,motif_5,motif_6,motif_7,motif_8,motif_9,motif_10,motif_11,motif_12,motif_13,motif_15,coach,side,scores,final_scores,outcome
Huskies,0.16279069767441862,0.16279069767441862,0.046511627906976744,0.0,0.13953488372093023,0.06976744186046512,0.13953488372093023,0.046511627906976744,0.0,0.0,0.0,0.23255813953488372,Coach1,home,49.653881079668174,2135.1168864257315,loss
Opponent,0.13656387665198239,0.17180616740088106,0.07929515418502203,0.013215859030837005,0.14977973568281938,0.06167400881057269,0.1277533039647577,0.06167400881057269,0.01762114537444934,0.00881057268722467,0.0,0.17180616740088106,,,49.64830682039185,11270.16564822895,
