,motif_3,motif_4,motif_5,motif_6,motif_7,motif_8,motif_9,motif_10,motif_11,motif_12,motif_13,motif_15,coach,side,scores,final_scores,outcome
Huskies,0.1702127659574468,0.19148936170212766,0.03546099290780142,0.0,0.1702127659574468,0.05673758865248227,0.09929078014184398,0.028368794326241134,0.0,0.0,0.0,0.24822695035460993,Coach3,home,49.41348553933666,6967.30146104647,win
Opponent,0.16176470588235295,0.16176470588235295,0.029411764705882353,0.0,0.16176470588235295,0.014705882352941176,0.1323529411764706,0.029411764705882353,0.0,0.0,0.0,0.3088235294117647,,,48.9180132327352,3326.4248998259936,
