,motif_3,motif_4,motif_5,motif_6,motif_7,motif_8,motif_9,motif_10,motif_11,motif_12,motif_13,motif_15,coach,side,scores,final_scores,outcome
Huskies,0.14634146341463414,0.1951219512195122,0.04878048780487805,0.012195121951219513,0.17073170731707318,0.036585365853658534,0.08536585365853659,0.036585365853658534,0.012195121951219513,0.0,0.0,0.25609756097560976,Coach3,home,49.0483125724534,4021.9616309411786,win
Opponent,0.13513513513513514,0.1891891891891892,0.05405405405405406,0.013513513513513514,0.12162162162162163,0.08108108108108109,0.14864864864864866,0.04054054054054054,0.013513513513513514,0.013513513513513514,0.013513513513513514,0.17567567567567569,,,49.515151000993306,3664.121174073505,
