,motif_3,motif_4,motif_5,motif_6,motif_7,motif_8,motif_9,motif_10,motif_11,motif_12,motif_13,motif_15,coach,side,scores,final_scores,outcome
Huskies,0.15702479338842976,0.2066115702479339,0.04132231404958678,0.01652892561983471,0.1487603305785124,0.06611570247933884,0.1487603305785124,0.024793388429752067,0.008264462809917356,0.008264462809917356,0.0,0.17355371900826447,Coach2,home,49.83290842600652,6029.781919546789,win
Opponent,0.16666666666666666,0.18666666666666668,0.06666666666666667,0.006666666666666667,0.15333333333333332,0.06666666666666667,0.09333333333333334,0.04,0.006666666666666667,0.0,0.0,0.21333333333333335,,,49.54898381983482,7432.347572975223,
