,motif_3,motif_4,motif_5,motif_6,motif_7,motif_8,motif_9,motif_10,motif_11,motif_12,motif_13,motif_15,coach,side,scores,final_scores,outcome
Huskies,0.17525773195876287,0.1958762886597938,0.020618556701030927,0.010309278350515464,0.17525773195876287,0.07216494845360824,0.07216494845360824,0.010309278350515464,0.010309278350515464,0.0,0.0,0.25773195876288657,Coach3,home,49.29601577877882,4781.713530541546,win
Opponent,0.1232876712328767,0.1780821917808219,0.0547945205479452,0.0273972602739726,0.1506849315068493,0.0273972602739726,0.0958904109589041,0.0547945205479452,0.0273972602739726,0.0273972602739726,0.0136986301369863,0.2191780821917808,,,48.56604689530428,3545.3214233572126,
