,motif_3,motif_4,motif_5,motif_6,motif_7,motif_8,motif_9,motif_10,motif_11,motif_12,motif_13,motif_15,coach,side,scores,final_scores,outcome
Huskies,0.14285714285714285,0.22857142857142856,0.02857142857142857,0.0,0.22857142857142856,0.0,0.05714285714285714,0.0,0.0,0.0,0.0,0.3142857142857143,Coach3,home,48.60346273795544,1701.1211958284405,loss
Opponent,0.1111111111111111,0.1343669250645995,0.082687338501292,0.05426356589147287,0.11886304909560723,0.07235142118863049,0.09302325581395349,0.07235142118863049,0.05426356589147287,0.05167958656330749,0.020671834625323,0.1343669250645995,,,48.670067568024166,18835.316148825354,
