,motif_3,motif_4,motif_5,motif_6,motif_7,motif_8,motif_9,motif_10,motif_11,motif_12,motif_13,motif_15,coach,side,scores,final_scores,outcome
Huskies,0.16891891891891891,0.22297297297297297,0.02702702702702703,0.006756756756756757,0.1891891891891892,0.04054054054054054,0.06756756756756757,0.02027027027027027,0.006756756756756757,0.006756756756756757,0.0,0.24324324324324326,Coach1,home,49.16539894769223,7276.47904425845,loss
Opponent,0.12727272727272726,0.10909090909090909,0.07272727272727272,0.03636363636363636,0.10909090909090909,0.07272727272727272,0.12727272727272726,0.07272727272727272,0.03636363636363636,0.03636363636363636,0.0,0.2,,,49.15064725542287,2703.2855990482576,
