,motif_3,motif_4,motif_5,motif_6,motif_7,motif_8,motif_9,motif_10,motif_11,motif_12,motif_13,motif_15,coach,side,scores,final_scores,outcome
Huskies,0.18055555555555555,0.16666666666666666,0.05555555555555555,0.027777777777777776,0.125,0.041666666666666664,0.08333333333333333,0.027777777777777776,0.027777777777777776,0.013888888888888888,0.0,0.25,Coach3,home,48.90790978392106,3521.3695044423166,loss
Opponent,0.1583710407239819,0.1583710407239819,0.06787330316742081,0.027149321266968326,0.13122171945701358,0.058823529411764705,0.10407239819004525,0.058823529411764705,0.027149321266968326,0.027149321266968326,0.004524886877828055,0.17647058823529413,,,49.244906759166675,10883.124393775835,
