,motif_3,motif_4,motif_5,motif_6,motif_7,motif_8,motif_9,motif_10,motif_11,motif_12,motif_13,motif_15,coach,side,scores,final_scores,outcome
Huskies,0.16129032258064516,0.1774193548387097,0.016129032258064516,0.016129032258064516,0.16129032258064516,0.04838709677419355,0.0967741935483871,0.016129032258064516,0.016129032258064516,0.016129032258064516,0.0,0.27419354838709675,Coach3,away,48.962829395124956,3035.695422497747,loss
Opponent,0.16101694915254236,0.17796610169491525,0.059322033898305086,0.00847457627118644,0.1440677966101695,0.05084745762711865,0.11864406779661017,0.0423728813559322,0.00847457627118644,0.00847457627118644,0.0,0.22033898305084745,,,49.417299731855124,5831.241368358905,
