,motif_3,motif_4,motif_5,motif_6,motif_7,motif_8,motif_9,motif_10,motif_11,motif_12,motif_13,motif_15,coach,side,scores,final_scores,outcome
Huskies,0.16260162601626016,0.1951219512195122,0.032520325203252036,0.008130081300813009,0.17073170731707318,0.04878048780487805,0.11382113821138211,0.032520325203252036,0.008130081300813009,0.008130081300813009,0.0,0.21951219512195122,Coach1,away,49.42982069600333,6079.86794560841,tie
Opponent,0.18947368421052632,0.21052631578947367,0.021052631578947368,0.0,0.16842105263157894,0.06315789473684211,0.07368421052631578,0.021052631578947368,0.0,0.0,0.0,0.25263157894736843,,,49.391241412929595,4692.167934228311,
