,motif_3,motif_4,motif_5,motif_6,motif_7,motif_8,motif_9,motif_10,motif_11,motif_12,motif_13,motif_15,coach,side,scores,final_scores,outcome
Huskies,0.1511627906976744,0.1744186046511628,0.046511627906976744,0.023255813953488372,0.16279069767441862,0.03488372093023256,0.09302325581395349,0.046511627906976744,0.023255813953488372,0.023255813953488372,0.0,0.22093023255813954,Coach3,away,49.006907156809746,4214.594015485638,tie
Opponent,0.19444444444444445,0.19444444444444445,0.027777777777777776,0.0,0.1527777777777778,0.027777777777777776,0.1388888888888889,0.027777777777777776,0.0,0.0,0.0,0.2361111111111111,,,49.46395276535691,3561.4045991056973,
