,motif_3,motif_4,motif_5,motif_6,motif_7,motif_8,motif_9,motif_10,motif_11,motif_12,motif_13,motif_15,coach,side,scores,final_scores,outcome
Huskies,0.13333333333333333,0.1111111111111111,0.044444444444444446,0.044444444444444446,0.08888888888888889,0.06666666666666667,0.2,0.044444444444444446,0.044444444444444446,0.044444444444444446,0.022222222222222223,0.15555555555555556,Coach1,away,48.99743165028422,2204.8844242627897,tie
Opponent,0.16759776536312848,0.1787709497206704,0.0670391061452514,0.0111731843575419,0.1564245810055866,0.03910614525139665,0.12290502793296089,0.0446927374301676,0.0111731843575419,0.00558659217877095,0.0,0.19553072625698323,,,49.49581793072873,8859.751409600442,
