,motif_3,motif_4,motif_5,motif_6,motif_7,motif_8,motif_9,motif_10,motif_11,motif_12,motif_13,motif_15,coach,side,scores,final_scores,outcome
Huskies,0.14736842105263157,0.16842105263157894,0.06315789473684211,0.031578947368421054,0.14736842105263157,0.042105263157894736,0.09473684210526316,0.042105263157894736,0.021052631578947368,0.021052631578947368,0.0,0.22105263157894736,Coach2,away,49.01980251678817,4656.881239094876,loss
Opponent,0.14015151515151514,0.1553030303030303,0.06818181818181818,0.026515151515151516,0.14772727272727273,0.07196969696969698,0.09848484848484848,0.06439393939393939,0.026515151515151516,0.026515151515151516,0.003787878787878788,0.17045454545454544,,,49.336907450374625,13024.9435668989,
