,motif_3,motif_4,motif_5,motif_6,motif_7,motif_8,motif_9,motif_10,motif_11,motif_12,motif_13,motif_15,coach,side,scores,final_scores,outcome
Huskies,0.15625,0.19791666666666666,0.03125,0.010416666666666666,0.15625,0.052083333333333336,0.125,0.020833333333333332,0.010416666666666666,0.010416666666666666,0.0,0.22916666666666666,Coach3,away,49.39088287876453,4741.524756361395,win
Opponent,0.13725490196078433,0.21568627450980393,0.049019607843137254,0.00980392156862745,0.1568627450980392,0.0196078431372549,0.12745098039215685,0.029411764705882353,0.0196078431372549,0.00980392156862745,0.0,0.22549019607843138,,,49.15823925882244,5014.140404399889,
