,motif_3,motif_4,motif_5,motif_6,motif_7,motif_8,motif_9,motif_10,motif_11,motif_12,motif_13,motif_15,coach,side,scores,final_scores,outcome
Huskies,0.1693548387096774,0.1935483870967742,0.03225806451612903,0.008064516129032258,0.18548387096774194,0.07258064516129033,0.08064516129032258,0.024193548387096774,0.008064516129032258,0.008064516129032258,0.0,0.21774193548387097,Coach3,home,49.49846444433238,6137.809591097215,tie
Opponent,0.11428571428571428,0.2857142857142857,0.02857142857142857,0.0,0.2,0.02857142857142857,0.08571428571428572,0.0,0.0,0.0,0.0,0.2571428571428571,,,49.13142505470527,1719.5998769146843,
