,motif_3,motif_4,motif_5,motif_6,motif_7,motif_8,motif_9,motif_10,motif_11,motif_12,motif_13,motif_15,coach,side,scores,final_scores,outcome
Huskies,0.1743119266055046,0.1834862385321101,0.06422018348623854,0.01834862385321101,0.1651376146788991,0.05504587155963303,0.07339449541284404,0.03669724770642202,0.01834862385321101,0.009174311926605505,0.009174311926605505,0.1926605504587156,Coach3,away,49.18313447365638,5360.961657628545,win
Opponent,0.15476190476190477,0.21428571428571427,0.047619047619047616,0.011904761904761904,0.15476190476190477,0.023809523809523808,0.11904761904761904,0.047619047619047616,0.011904761904761904,0.011904761904761904,0.0,0.20238095238095238,,,49.3083976782183,4141.905404970337,
