,motif_3,motif_4,motif_5,motif_6,motif_7,motif_8,motif_9,motif_10,motif_11,motif_12,motif_13,motif_15,coach,side,scores,final_scores,outcome
Huskies,0.1956521739130435,0.1956521739130435,0.03260869565217391,0.021739130434782608,0.17391304347826086,0.043478260869565216,0.07608695652173914,0.010869565217391304,0.0,0.0,0.0,0.25,Coach3,home,49.19656593617431,4526.084066128036,win
Opponent,0.13432835820895522,0.22388059701492538,0.05970149253731343,0.0,0.1791044776119403,0.04477611940298507,0.11940298507462686,0.029850746268656716,0.014925373134328358,0.0,0.0,0.19402985074626866,,,49.57972325711543,3321.841458226734,
