,motif_3,motif_4,motif_5,motif_6,motif_7,motif_8,motif_9,motif_10,motif_11,motif_12,motif_13,motif_15,coach,side,scores,final_scores,outcome
Huskies,0.1724137931034483,0.1896551724137931,0.05172413793103448,0.0,0.13793103448275862,0.034482758620689655,0.1206896551724138,0.05172413793103448,0.0,0.0,0.0,0.2413793103448276,Coach3,away,49.357873553086165,2862.7566660789976,loss
Opponent,0.13095238095238096,0.20238095238095238,0.07142857142857142,0.011904761904761904,0.16666666666666666,0.023809523809523808,0.10714285714285714,0.03571428571428571,0.011904761904761904,0.011904761904761904,0.0,0.2261904761904762,,,49.10952179234337,4125.199830556843,
