,motif_3,motif_4,motif_5,motif_6,motif_7,motif_8,motif_9,motif_10,motif_11,motif_12,motif_13,motif_15,coach,side,scores,final_scores,outcome
Huskies,0.16447368421052633,0.19736842105263158,0.05921052631578947,0.013157894736842105,0.13157894736842105,0.03289473684210526,0.125,0.03289473684210526,0.013157894736842105,0.013157894736842105,0.013157894736842105,0.20394736842105263,Coach1,away,49.07317755110571,7459.122987768068,loss
Opponent,0.14102564102564102,0.16666666666666666,0.0641025641025641,0.019230769230769232,0.14102564102564102,0.07051282051282051,0.08974358974358974,0.057692307692307696,0.02564102564102564,0.019230769230769232,0.0,0.20512820512820512,,,49.28705982501265,7688.781332701973,
