,motif_3,motif_4,motif_5,motif_6,motif_7,motif_8,motif_9,motif_10,motif_11,motif_12,motif_13,motif_15,coach,side,scores,final_scores,outcome
Huskies,0.1415929203539823,0.19469026548672566,0.05309734513274336,0.008849557522123894,0.17699115044247787,0.05309734513274336,0.11504424778761062,0.04424778761061947,0.008849557522123894,0.008849557522123894,0.0,0.19469026548672566,Coach1,home,49.539162980215394,5597.925416764339,win
Opponent,0.168141592920354,0.19469026548672566,0.035398230088495575,0.008849557522123894,0.17699115044247787,0.02654867256637168,0.09734513274336283,0.035398230088495575,0.008849557522123894,0.008849557522123894,0.0,0.23893805309734514,,,49.14041186298436,5552.866540517232,
