,motif_3,motif_4,motif_5,motif_6,motif_7,motif_8,motif_9,motif_10,motif_11,motif_12,motif_13,motif_15,coach,side,scores,final_scores,outcome
Huskies,0.13333333333333333,0.14074074074074075,0.07407407407407407,0.05185185185185185,0.1037037037037037,0.06666666666666667,0.0962962962962963,0.07407407407407407,0.044444444444444446,0.044444444444444446,0.014814814814814815,0.15555555555555556,Coach3,away,48.78965272563864,6586.603117961216,win
Opponent,0.16770186335403728,0.18012422360248448,0.049689440993788817,0.012422360248447204,0.16149068322981366,0.037267080745341616,0.11180124223602485,0.043478260869565216,0.018633540372670808,0.012422360248447204,0.006211180124223602,0.19875776397515527,,,49.22655778677779,7925.475803671224,
