,motif_3,motif_4,motif_5,motif_6,motif_7,motif_8,motif_9,motif_10,motif_11,motif_12,motif_13,motif_15,coach,side,scores,final_scores,outcome
Huskies,0.14285714285714285,0.17346938775510204,0.07142857142857142,0.01020408163265306,0.14285714285714285,0.061224489795918366,0.14285714285714285,0.04081632653061224,0.02040816326530612,0.01020408163265306,0.0,0.1836734693877551,Coach3,away,49.645962444044955,4865.3043195164055,loss
Opponent,0.13978494623655913,0.15591397849462366,0.08602150537634409,0.03225806451612903,0.13440860215053763,0.05913978494623656,0.10752688172043011,0.05913978494623656,0.03763440860215054,0.026881720430107527,0.005376344086021506,0.15591397849462366,,,49.24439659093527,9159.45776591396,
