,motif_3,motif_4,motif_5,motif_6,motif_7,motif_8,motif_9,motif_10,motif_11,motif_12,motif_13,motif_15,coach,side,scores,final_scores,outcome
Huskies,0.13725490196078433,0.21568627450980393,0.0392156862745098,0.0196078431372549,0.1568627450980392,0.0392156862745098,0.0784313725490196,0.0392156862745098,0.0196078431372549,0.0196078431372549,0.0,0.23529411764705882,Coach3,home,48.961609224196046,2497.0420704339986,tie
Opponent,0.1443850267379679,0.1657754010695187,0.06951871657754011,0.026737967914438502,0.1443850267379679,0.053475935828877004,0.12299465240641712,0.0427807486631016,0.0374331550802139,0.026737967914438502,0.0,0.1657754010695187,,,49.38082819438999,9234.214872350929,
