,motif_3,motif_4,motif_5,motif_6,motif_7,motif_8,motif_9,motif_10,motif_11,motif_12,motif_13,motif_15,coach,side,scores,final_scores,outcome
Huskies,0.18421052631578946,0.15789473684210525,0.05263157894736842,0.0,0.15789473684210525,0.05263157894736842,0.07894736842105263,0.05263157894736842,0.0,0.0,0.0,0.2631578947368421,Coach2,away,49.23334426212041,1870.8670819605757,tie
Opponent,0.16243654822335024,0.18274111675126903,0.03553299492385787,0.02030456852791878,0.17258883248730963,0.04060913705583756,0.08629441624365482,0.03553299492385787,0.02030456852791878,0.02030456852791878,0.0,0.2233502538071066,,,49.084557514683,9669.65783039255,
