,pos_x,pos_y
Huskies_D1,55.52389706,79.55208333
Huskies_F1,106.4411765,82.4
Huskies_M1,80.51898915,76.24271845
Huskies_F2,91.94852941,65.8452381
Huskies_M2,80.20588235,28.88571429
Huskies_M3,71.04824247,48.63414634
Huskies_G1,14.34742647,43.16666667
Huskies_D2,53.08489305,57.16666667
Huskies_D3,59.24535604,22.90526316
Huskies_F3,103.315508,33.45454545
Huskies_M4,90.92128028,32.17647059
